created_at,favorite_count,full_text,hashtags,retweet_count,urls,user,label
2020-02-27 14:35:15,8,"@MayorofLondon The #silvertowntunnel ""...would have serious consequences for climate change air quality and noise pollution... I will never stop fighting for a greener cleaner London."" You'll be cancelling the tunnel then?",silvertowntunnel,3,,PhilipMarson,negative
2020-02-27 14:35:16,25,"""Data on the body condition of female bears and survival of cubs in Western Hudson Bay have not been published in over 25 years despite claims that these are key measures of the impact of climate change on bears"" https://t.co/wJUR3CB0H7",,17,https://twitter.com/ccdeditor/status/1233023407417106433,tan123,negative
2020-02-27 14:35:18,0,@realDonaldTrump @CNN @CDCgov You are an climate change denier a ‚Äúwindmill cancer‚Äù believer a user of penis-enlargement pills a fool who lives on a ‚ÄúMcDonald‚Äôs diet‚Äù the idiot who cut the CDC budget and eliminated scores of scientific advisory boards etc. Your our of your element Donny. https://t.co/S9al0pRTDV,,0,,caffertylaw,negative
2020-02-27 14:35:18,1,This was apparently before he said climate change was causing all the volcano explosions https://t.co/6b08CxWJuw,,0,https://twitter.com/lukebroadwater/status/1232759376970121216,nvasconcelos,positive
2020-02-27 14:35:21,1,Because as we all know climate change with its predicted proliferation of new infectious diseases is FAKE NEWS! https://t.co/39HdNnl2bA,,1,https://twitter.com/ABCPolitics/status/1233036595151953921,SusieMadrak,positive
2020-02-27 14:35:24,0,@drdavidmichaels This is the problem with the deification of Thunberg. Thunberg is not at expert  but a kid. She symbolizes the feels people have about climate change but then the other side just finds other emotional arguments and a kid who embodies them. Good policy must be based on evidence,,0,,aaronmsaunders,positive
2020-02-27 14:35:24,0,Swimmer withstands Antarctic waters to raise awareness of climate change https://t.co/n8MSh5pvvC,,0,https://www.kirkscubagear.com/blog/swimmer-withstands-antarctic-waters-to-raise-awareness-of-climate-change/,diverdowndeep,negative
2020-02-27 14:35:32,0,Greta Thunberg fury: Panic as fears grow children could be crushed at activist's UK speech https://t.co/kVKV30aBf1,,0,http://dlvr.it/RQs4Yf,BritainBreaking,negative
2020-02-27 14:35:33,1,@joshua_kohel @StarTribune She definitely lacks a draw BUT don‚Äôt let the media fool you and portray her as a moderate. She is just as ‚Äúprogressive‚Äù as any of the goofs on stage. Abortion. Open borders. Climate Change. Universal healthcare. She ticks all progressivism checkboxes. The ‚Äúaw shucks‚Äù is a game,,0,,BrentAnderson99,negative
2020-02-27 14:35:35,1,Skylarks test their climate change knowledge with a cbbc quiz. https://t.co/3nAWcHcDF9,,0,,CuddingtonPri,negative
2020-02-27 14:35:36,4,@Real_DanMad @Deez202Nutz @DanRather This is beyond ignorant. So you‚Äôre attitude is not ‚Äúwe shouldn‚Äôt fight climate change cause it‚Äôs not real.‚Äù Your attitude is ‚Äúwe shouldn‚Äôt fight climate change cause it‚Äôs futile and it will cost too much.‚Äù Fantastic assessment! Sometimes I can‚Äôt believe the shit I read on here.,,0,,pluch1016,negative
2020-02-27 14:35:37,0,The Internet of Wild Things: Technology and the battle against biodiversity loss and climate change https://t.co/3CitAazqt9,,0,https://www.techrepublic.com/article/the-internet-of-wild-things-technology-and-the-battle-against-biodiversity-loss-and-climate-change/,toptechticker,negative
2020-02-27 14:35:37,0,@RicoAlessandro Leggo quanto e su cosa mi pare incluso climate change e rispetto donne argomenti che non vi sono congeniali visto il track record dei vostri modelli di riferimento Trump+Salvini. Faresti bene a leggerne anche tu. E do del tu a tutti senza guardare ad anacronismi di facciata.,,0,,Finto_Cubano,negative
2020-02-27 14:35:38,0,@Ph65PauloDingle @piersmorgan That‚Äôs not how climate change works at all....,,0,,NYY15481204,negative
2020-02-27 14:35:39,0,@SallyPresto Well the police hate the left and hate environmental activism more. Imagine being both. People should protest climate change. Look at what happened in australia and now floods in the uk....Only a moron would see these things and not do anything when they can.,,0,,erudito8702,negative
2020-02-27 14:35:45,0,@joelle47019650 Ppl don't understand the Planet Earth climate change is fashion for them!,,0,,kmurthy3992,negative
2020-02-27 14:35:45,0,@joelle47019650 Ppl don't understand the Planet Earth climate change is fashion for them!,,0,,kmurthy3992,negative
2020-02-27 14:35:48,10,Another trip in the work EV to talk climate change with officers and councillors at Staffs Moorlands District Council https://t.co/UYfCyfMu3Y,,0,,zprobinson1,negative
2020-02-27 14:35:51,0,@99freemind Climate change is your fault climate change is your fault Join us join us join us https://t.co/CsYyZPdOCv,,0,,timi2bks,negative
2020-02-27 14:36:05,0,"Hi there!  We need your help to end our Kickstarter campaign! We just need a little push ;)  ""Climate Killer"" is a musical horror comedy about climate change...and more. Check the page if you dig the idea! Thanks!  LINK: https://t.co/ORahVW4CyI https://t.co/MtEMHVBMz9",,0,http://kck.st/2UkEbiG,annaclimatekill,negative
2020-02-27 14:36:07,0,@RessyM There are so many people that want to make their claim that fighting climate change is so important yet they want to maintain the current status quo in Toronto because they can't handle such change to the economy as many higher class will be affected by these changes too.,,0,,spikestabber,negative
2020-02-27 14:36:08,1,This is important under-standing to make &amp; SERIOUSLY TAKE INTO ACCOUNT- it calls attention at the increasing number of gimmicks to pretend that real work on climate change is being done! pls let us mature and b serious #TheHouseIsOnFire NoTimeToPretend @GenderCC @OtherNews5 @undp https://t.co/tmeIUQoTGx,TheHouseIsOnFire,0,https://twitter.com/climatehuman/status/1232955085711298560,benavides_marta,negative
2020-02-27 14:36:10,6,@BernieSanders Australia had arsonists setting fires across the country side. These people were all climate change activists! You people are nuts!,,0,,TrailBum2,negative
2020-02-27 14:36:11,0,At this point I almost almost want Bernie to win use the broken norms to implement his full scale plans for M4A climate change etc to watch the trumplicans freak cause they voted for him in our primaries.  Almost..  #NoOpenPrimaries,NoOpenPrimaries,0,,DisgustedOkie,negative
2020-02-27 14:36:11,29,‚ÄúWe have zero chance of avoiding the worst impacts of climate change if we do not rapidly phase out oil gas and coal.‚Äù https://t.co/ZXcbqWzysI,,13,https://www.washingtonpost.com/opinions/dont-let-oil-companies-design-climate-policy-say-yes-to-renewables/2020/02/26/69ca66ba-5825-11ea-8efd-0f904bdd8057_story.html,rogertansey,negative
2020-02-27 14:36:12,1,It will be better for climate science.  We must improve our links with respectful climate change actions innovative' greener' initiatives and greener' home investment. https://t.co/LHakHcuBQu,,1,https://twitter.com/Andrew_Adonis/status/1232978314559729665,Iddonpaula1,negative
2020-02-27 14:36:20,3,@AOC Not believing in the climate change agenda does not make him a nonbeliever in science.,,0,,jrb1972,negative
2020-02-27 14:36:29,22,@jbf1755 And the rivers will flow red   LOL   It's the hand of climate change not the hand of some invisible pie in the sky mythology.   Overpopulation = unsanitary conditions = disease Global warming = imbalance = trophic cascades/locusts Stupid politicians = lack of effective action,,1,,AltYelloNatPark,negative
2020-02-27 14:36:30,1,@RachelVanD @Fahrenthold @pw_cunningham @DHSgov @paulina_milla But have no fear he has appointed the god-botherer who thinks smoking doesn't kill and climate change isn't real to save the day!,,1,,jeremyjsharp,negative
2020-02-27 14:36:30,0,"@willgoodbin @youfoundjade_ @OwentheTyley @StuartBCapstick @ExtinctionR @XRebellionUK @FlightFree2020 That's probably about right. Many believe in climate change but aren't convinced by the specific predictions ""we only have 10 years"" since the specific predictions have been wrong again and again.",,0,,Harshbutfairy,negative
2020-02-27 14:36:34,0,So what we may see after With this unsolvable climate change problems! https://t.co/rYIkP7dmHR,,0,https://twitter.com/Reuters/status/1233032782286290945,aturk_a,negative
2020-02-27 14:36:36,3,Although extremely serious climate change isn't the biggest threat that we're facing.  Politicians who can lie with impunity while irresponsibly using social media are grotesquely worse by at least a factor of 10.,,3,,patrickj6,negative
2020-02-27 14:36:38,0,the ice is melting‚Ä¶it's about time‚Ä¶the polar bears need to be protected‚Ä¶stop the climate change #PolarBearDay üíô https://t.co/zpQuqhp7Sy,PolarBearDay,0,,patricia_shenan,negative
2020-02-27 14:36:40,0,Climate change could lead to global catastrophe new report warns https://t.co/9NuUjSYLq5 via @Yahoo,,0,https://news.yahoo.com/climate-change-could-lead-to-global-catastrophe-new-report-warns-143247714.html?soc_src=hl-viewer&soc_trk=tw,JoeBarracato,negative
2020-02-27 14:36:41,1,Huge opportunity for interested students and developers to work on solutions to help address climate change. Join the call for code. https://t.co/Ss7SW5DEjx,,0,https://twitter.com/BillClinton/status/1232815596628316161,CarrieBendzsa,negative
2020-02-27 14:36:41,1,"TOTAL LIAR/DISHONEST FRAUDDEMON-CRAP""MINI-MIKE"" SAYS CLIMATE-CHANGE IS ""REAL"" HEALTH-CARE FOR ALL ILLEGAL STOP ALL PRIVATE INSUR. CO'S!  IN ""NEW"" AD BLOOMBERG CLAIMS HE LED NEW YORK THROUGH 9/11!! ANOTHER ""ELITE"" CHRISTIAN-HATING DEM! https://t.co/G6jgERGRdB via @gatewaypundit",,1,https://www.thegatewaypundit.com/2020/02/this-takes-the-cake-in-new-ad-mike-bloomberg-claims-he-led-new-york-city-through-9-11-video/,Tex_Ghost,positive
2020-02-27 14:36:47,7,Heathrow third runway ruled illegal over climate change https://t.co/uBzbcZebKI,,2,https://www.theguardian.com/environment/2020/feb/27/heathrow-third-runway-ruled-illegal-over-climate-change?CMP=share_btn_tw,ewaldeng,negative
2020-02-27 14:36:53,1,@stillawake The reason you are taking her is because you are gullible naive and show you don't understand about supposed climate change! Children now realise they can bunk off school and miss their education you are breaking the law and teaching her she can!,,0,,NigeWhite,negative
2020-02-27 14:36:55,1,10 common myths about climate change ‚Äî and what science really says https://t.co/68fB9uaIxY,,0,https://flip.it/Zef..z,I_care_movement,negative
2020-02-27 14:36:58,0,"But you believe in the science of ""climate change"" and mixology??? https://t.co/jJ5jCo1rnq",,0,https://twitter.com/AOC/status/1232841137930559490,johneng64,positive
2020-02-27 14:36:59,0,Bener-bener takut kalo umur bumi ga lama lagi......üòû.  Ada Climate change Deadly Biological Viruses Outbreak (Corona etc) Religion Issues WW3 Agenda ya banyak lah dan kompleks banget permasalahannya. https://t.co/92Qxhg1Vob,,0,https://twitter.com/_SJPeace_/status/1232503777825087488,fajarmnrozaki,negative
2020-02-27 14:37:01,0,@AOC So why should you be in charge of climate change if you're not a scientist? BTW the Earth hasn't gotten any warmer in the past 80 years. 1930s still hold the high mark. So apparently YOU don't believe in science either.,,0,,AerkiJyr,positive
2020-02-27 14:37:03,0,On March 23 Independent MP Zali Steggall will introduce a private member‚Äôs bill to Parliament and call for a conscience vote.  Australia needs sensible climate change legislation to transition to the future.  Sign the petition¬†to make your voice heard. ‚Ä¶ https://t.co/LNSeKV4mZG https://t.co/FssGf5uXlz,,0,https://ift.tt/2vpdBuz,queenboxi,negative
2020-02-27 14:37:05,0,On March 23 Independent MP Zali Steggall will introduce a private member‚Äôs bill to Parliament and call for a conscience vote.  Australia needs sensible climate change legislation to transition to the future.  Sign the petition¬†to make your voice heard. ‚Ä¶ https://t.co/PIY3XIuZuE https://t.co/OScE8VhHUE,,0,https://ift.tt/3cdBBRX,queenboxi,negative
2020-02-27 14:37:06,0,This has nothing to do with climate change and everything to do with indoctrinating our kids with leftist lies and deceit. The way to stop it is for parents who‚Äôs schools are getting involved with this garbage to keep their kids at home that day.   No indoctrination no infection. https://t.co/uE8RYY4pAQ,,1,https://twitter.com/sagotree/status/1233025330853617665,Nelphix,positive
2020-02-27 14:37:11,0,@KoenigAdam ... on climate. Bernie can do a lot by himself through Fiat/EO and he can reach across the aisle. The dynamic will change drastically after November. Bernie is a populist and will attract a large turnout. His ideas are doable.,,0,,PartyChihuahua,negative
2020-02-27 14:37:12,1,"The MSM Democrats and all the same ""Deep State"" scumbags still pushing fear porn about a virus where no one has even died in the USA and has less casualties than common flu. Total scam just like man made Climate Change scam.",,0,,1Truth5,positive
2020-02-27 14:37:13,1,Great News!!  Heathrow third runway ruled illegal over climate change  https://t.co/NgYrUeeiMl,,0,https://www.theguardian.com/environment/2020/feb/27/heathrow-third-runway-ruled-illegal-over-climate-change?CMP=Share_iOSApp_Other,BoydeJess,negative
2020-02-27 14:37:13,37,My favourite photo of @LibDems @munirawilson and @sarahjolney1 for a long time. Great campaigning on climate change. https://t.co/bvG1VecFzQ,,10,,mikedixn,negative
2020-02-27 14:37:17,2,"""I urge her [Theresa May] to rule as swiftly as possible in favour of a second runway at Gatwick which would bring substantial economic benefits"" - Sadiq Khan 2016.   If you take soundbite Sadiq at face value climate change clearly didn't exist in 2016. https://t.co/xvH0yZ5aC4",,1,https://twitter.com/SadiqKhan/status/1232971988613898240,SFX24,negative
2020-02-27 14:37:18,14,#ThrowbackThursday to our 'Climate Change for Feminists' workshop with the wonderful @LucycjStone last weeküåç We know that #climatechange is a gender race and class issue too which is why we want to empower our women to feel like they can effect change üí™üèæ https://t.co/D3OiwVoF05,"ThrowbackThursday, climatechange",1,,_YouMakeIt,negative
2020-02-27 14:37:24,0,8. Tiny AI 9. Differential privacy 10. Climate change attribution,,0,,lunamoth,negative
2020-02-27 14:37:25,0,@Setophaga9 @TheDisproof @stevenmosher @KelvinBSP @RlalbrechtTroy @Dcoronata @IntranceIt @AanthanurDC @FriendsOScience @JAGreene18 @EdDarrell @CalifManx @aSinister @serveBC @banurfeels @robhon_ @GlennCarr6 @johnpdees @jwickers @patterson087 @No1Trump @jimdtweet @KenJansen1 @MartinBrampton @automaticsteam @EnzoEdmonton @CheezeWhiz_girl @yepsuzn @TWTThisIsNow @NoExcusesJim @StormSignalSA @RedDragonFly19 @KatyDuke @Over400ppm @ScottDa9999999 @JohnAshtone @jenninemorgan @DawnTJ90 @cowcreekgeek @jgorman2424 @Voight_Kampff_3 @rln_nelson @FNPGeorgeH @Sdarts133 @priscian @caerbannog666 @GaryWHall @JoeNels48803147 @SteveLeigh2019 @spock246 Let me know when you have empirical cause effect evidence for human CO2 playing a major part in climate change.,,0,,fcmfcs2019,positive
2020-02-27 14:37:33,0,Carbon offsets explained in 500 words https://t.co/tmCM9wkEUl https://t.co/qMlDDCwmcU,,0,http://dlvr.it/RQs4vB,Obsessed_W_News,negative
2020-02-27 14:37:33,0,State Debate: Police body cams DNR and climate change political 'bull' today's debate topics https://t.co/TSGiMK2PBh https://t.co/9nEAyvJMSp,,0,http://dlvr.it/RQs4xS,CapTimes,negative
2020-02-27 14:37:36,0,Who ordered this? Fucking climate change. https://t.co/EvNVt3x9v0,,0,,swenvonh,negative
2020-02-27 14:37:37,0,"From ""smoking doesn't kill"" to conversion therapy‚ÄîMike Pence's most controversial science remarks https://t.co/TkgV01S5Qa",,0,https://www.newsweek.com/mike-pence-coronavirus-science-hiv-aids-smoking-evolution-climate-change-1489458,Torreshl76,negative
2020-02-27 14:37:39,0,@rcgnrcp @GeraldKutney @jkenney MAN MADE CLIMATE CHANGE;   The made up catastrophe the globalists/socialists use to instil fear and guilt to tax regulate and remove our freedoms while pretending to be saving the planet!,,0,,Tucker94907617,positive
2020-02-27 14:37:44,0,Mike Pence is an existential threat to human survival - climate change denier.  Good luck on coronavirsus. We should be worried. #Pencedemic #pandemic,"Pencedemic, pandemic",0,,just_xhalin,negative
2020-02-27 14:37:45,2,@CTHealthFuture In a Medicare for all system there would still be room for management and payment services so the insurance industry may survive.  But like the fossil fuel companies and climate change insurance companies fight the changes needed to guarantee their long term survival.,,0,,ODouglasPrice,negative
2020-02-27 14:37:47,6,How can we combat #climatechange?  How can we get involved as organisations and individuals?  It's time to:  Speak up üì£ Show up ‚úãüèΩ Act up ‚ôª  Here's our first blog on how we're addressing these as a company   https://t.co/4XG1fAh94U,climatechange,1,https://lght.ly/jb5m3,lightful,negative
2020-02-27 14:37:48,1,This is a big deal. We need our infrastructure to reflect our climate goals. Otherwise those goals are a bunch of hot air https://t.co/IwVLak2Vce,,0,https://www.theguardian.com/environment/2020/feb/27/heathrow-third-runway-ruled-illegal-over-climate-change,inabstract,negative
2020-02-27 14:37:49,23,"""The climate crisis is a result of a combination of climate change and inequality which increasingly drives risks. In fact a lack of opportunities insecurities violence are all a threat to democracy.""  @xapsan Associate Professor University College London  #UCLGMeets https://t.co/kd3tx3h3NE",UCLGMeets,9,,uclg_org,negative
2020-02-27 14:37:49,1,Climate change is real. https://t.co/IRGae7LYhD,,0,https://twitter.com/saywallahifam/status/1232931233459511309,um3awas,negative
2020-02-27 14:37:50,2,"Wonder how Bitcoin will fare in these new Climate Change meets Financial ""endorsement"" waters.  ü§î https://t.co/95SeVCxT21",,0,https://twitter.com/joker_xrp/status/1233031063099801600,cryptohodler16,negative
2020-02-27 14:37:53,1,CNN is trying to blame the Cornovirus for a downturn and ‚Äúrecession‚Äù. They‚Äôll blame climate change next time.,,1,,MigiSchmigi,positive
2020-02-27 14:37:54,0,@kenihanas Look up Agenda 21 &amp; Agenda 30. Climate Change and all that jazz are about population control to lead to a NWO. They mask it in ‚Äúlove‚Äù &amp; ‚Äúcaring‚Äù and you get demonized if you go against it.,,0,,RiccZep,positive
2020-02-27 14:37:58,0,@charliekirk11 Well there are way too many humans on the planet. Which is the re order l cause of the climate change acceleration. Not to mention we can't even take care of all the people already here. Therefore I'm pro abortion.,,0,,Rsalpaugh,negative
2020-02-27 14:37:59,8,@EllDevon @SpotShopMedia Think I‚Äôll go rob a bank but I‚Äôll do in the name of climate change. Anyone got a mask I can borrow?,,1,,lostoutwest01,negative
2020-02-27 14:38:01,2,@s8mb @eamonnbutler What would the courts say about the climate change implications of Boris Island? I hate to think!,,0,,SteveDavies365,negative
2020-02-27 14:38:01,5,"""The availability of gender-disaggregated data gender-sensitive assessments and gender-responsive interventions are essential to enhance health equity by providing more effective mitigation and adaptation policies [for climate change]."" @womeninGH @Data2X   üëáüëáüëáüëáüëá https://t.co/pMrssuu4Kd",,0,https://twitter.com/womeninGH/status/1233021727397105664,katesdodson,negative
2020-02-27 14:38:06,37,Fighting climate change is a universal battle that requires putting people first solutions at the forefront for human rights.   Thank you @QUIP_Club for a terrific forum. https://t.co/6vHDJ5IvNK,,5,,Shaniyat2020,negative
2020-02-27 14:38:09,0,@AWF_Official Are you listening to me? Climate change is real!,,0,,oscar_friends,negative
2020-02-27 14:38:09,0,Climate change has now achieved Biblical Event status  Has someone called Noah? Don't forget he only let #animals (&amp; #pollinators?!) onto his ark  Humans have created this problem &amp; we must be part of the solution otherwise the #endangered species list will  include Homo Sapiens https://t.co/GcMbLpbcsu,"animals, pollinators, endangered",0,https://twitter.com/PaulEDawson/status/1233028762574286848,bytownbees,negative
2020-02-27 14:38:12,0,#Coronavirus is earth fighting back against man-made climate change.  #ClimateChange #ClimateEmergency #CoronaVirusUpdates #coronavirususa #CoronavirusOutbreak @SailForScience @UNFCCC @TheCCoalition,"Coronavirus, ClimateChange, ClimateEmergency, CoronaVirusUpdates, coronavirususa, CoronavirusOutbreak",0,,David_Gerbie,negative
2020-02-27 14:38:14,0,Heathrow third runway ruled illegal over climate change. It's the illegal bit that is going to make business and governments wake...   https://t.co/EX9qMsKElg,,0,https://www.theguardian.com/environment/2020/feb/27/heathrow-third-runway-ruled-illegal-over-climate-change?CMP=Share_AndroidApp_Tweet,alexmwjohnson,negative
2020-02-27 14:38:15,16,THIS. IS. BIG. NEWS.   Society is changing.   Mindsets are changing.  Days like these add fuel to the fire in the fight against the climate crisis üî•üî•üî•  #HeathrowExpansion #NoThirdRunway #2050StartsNow #YoCA2020 #GlobalOptimism   https://t.co/W3hTgW42xc,"HeathrowExpansion, NoThirdRunway, 2050StartsNow, YoCA2020, GlobalOptimism",3,https://www.theguardian.com/environment/2020/feb/27/heathrow-third-runway-ruled-illegal-over-climate-change,k_legzz,negative
2020-02-27 14:38:19,72,Writers in Canada question (please share): Is it hard/impossible for you to travel for events because of cost accessibility family care climate change worries multiple reasons all of the above etc.? Also please let me know if you have a book coming out.,,29,,ClaireElKelly,negative
2020-02-27 14:38:19,7,I get irrational amounts of joy now every time it snows because I hate this climate change business so much because all I can think of is more ticks and algae blooms and the lake still hasn't frozen and probably won't this year.,,0,,KapustaDiamond,negative
2020-02-27 14:38:20,0,@cthulhupotamus @iainball @mccalla_chris @jamesinsurrey @JamesDelingpole Climate change is shrinking the Indian economy. It has already done so and it will get worse. Burning fossil fuels is the single worst way to lift Indians out of poverty https://t.co/lDShZhOLKC,,0,https://economictimes.indiatimes.com/news/environment/global-warming/global-warming-shrank-indian-economy-by-31-per-cent-study/articleshow/69002843.cms?from=mdr,Syzrgy101,negative
2020-02-27 14:38:22,1,We must move away from investments in fossil fuels &amp; support a just transition to a low-carbon economy based on renewable energy &amp; truly green jobs. Today is the last day you can join us in demanding states #DivestFromFossilFuels! https://t.co/l3g52mqJ81,DivestFromFossilFuels,1,https://actionnetwork.org/letters/sign-and-send-the-petition-urge-your-governor-and-state-legislators-to-urge-state-pension-fund-divestment-from-fossil-fuels-we-cannot-continue-to-fund-climate-change?source=2020StatesDivest_WK&referrer=group-waterkeeper-alliance-3,Waterkeeper,negative
2020-02-27 14:38:23,0,@literide @ericridenour @mans_tw @8bitBarbarian @DaveCashInvest @RichardEngel @hmeisler It's certainly beyond your grasp.  The very basics of epidemiology seem very elusive to you judging by your comments here.  You keep going on about data without ever grasping the fundamentals.  Your comments on climate change are further evidence of the your lack of understanding,,0,,kraster,negative
2020-02-27 14:38:23,4,@ChrissyFireWat1 @Atlantiso1 I thought the indoctrination started in college. It is clear that globalist attitudes start in preschool regarding climate change etc.,,1,,SantellaMJ,positive
2020-02-27 14:38:25,1,@far33d Humans have been doing viticulture for ~8K years. it is an exceptionally dialed-in industry compared to much younger ones like tech. Climate change is unprecedented but wine has adapted to a few cataclysms over the millennia. It's pretty fascinating stuff.,,0,,miriamgoldberg,negative
2020-02-27 14:38:30,0,@HillaryClinton @GretaThunberg @Malala Funny how not 1 liberal snowflake can PROVE that Climate change is real &amp; my 100 yr old neighbor says the same thing about it being nothing but bullschiff!! Thanks for the laugh snowflakes I needed that,,0,,kobie3408,positive
2020-02-27 14:38:35,1,We see this over and over and over...media/pols declaring the world is coming to an end in order to get ratings/power.   Face it - that's the whole climate change racket.,,0,,ballabon,positive
2020-02-27 14:38:37,7,"""Pence doesn't believe in climate change"" somehow translates to ""Pence doesn't believe in germ theory"" https://t.co/bNjOizHIOw",,1,https://twitter.com/AOC/status/1232839556443058176,wretched_sinner,negative
2020-02-27 14:38:41,1,I don't care about climate change AND I don't care about Victoria's sewage. So take that Alberta and rest of Canada!  #FuckCanada  #ClimateChangeHoax  #ILoveSewage  #VancouverAlienation #NeglectedCoast https://t.co/73KnnwBI6q,"FuckCanada, ClimateChangeHoax, ILoveSewage, VancouverAlienation, NeglectedCoast",1,https://twitter.com/paulaspeak2/status/1233035280258682881,DiariesPolar,positive
2020-02-27 14:38:44,0,Carney lays out @COP26 rulebook for finance. COP26's private finance strategy would focus on ‚Äúreporting risk management and return. Ensure that every financial decision takes climate change into account and work with the Financial Stability Board https://t.co/M0xSavaZws https://t.co/8yI8mlzbfc,,0,https://www.responsible-investor.com/articles/carney-lays-out-cop26-rulebook-for-finance-as-he-prepares-to-take-reins-at-un#.XlfTvZWWzXc.twitter,timbales,negative
2020-02-27 14:38:44,2,Skylarks learn about why we need to protect our forests as part of climate change. https://t.co/rbHXTy8XPz,,0,,CuddingtonPri,negative
2020-02-27 14:38:48,0,Grounds for the judgment to be further analysed: Heathrow third runway ruled illegal over climate change https://t.co/jCYKtFEnPS,,0,https://www.theguardian.com/environment/2020/feb/27/heathrow-third-runway-ruled-illegal-over-climate-change?CMP=share_btn_tw,catherinebanet,negative
2020-02-27 14:38:49,10,Climate change: Pressure on big investors to act on environment https://t.co/JRUPF09zOF,,2,https://www.bbc.co.uk/news/science-environment-51657829,rahulmunjal14,negative
2020-02-27 14:38:55,2,I‚Äôd definitely erase all social constructs (gender race et el) happiness and peace for all humanity reversing climate change (?) https://t.co/1KC6HmzM7X,,0,https://twitter.com/kruzaa_/status/1232791237842931713,olabodedemilola,negative
2020-02-27 14:39:00,1,Jeff Bezos' climate change philanthropy has quite a few (hidden) strings attached https://t.co/2pywuqUADk,,0,https://www.nbcnews.com/think/opinion/jeff-bezos-climate-change-philanthropy-has-quite-few-hidden-strings-ncna1143791,CATSTEVENS65,negative
2020-02-27 14:39:00,0,A new study finds that emperor penguins are imperiled by #climatechange and if it continues at this rate 80% of emperor penguin colonies are expected to become quasi-extinct by 2100.  https://t.co/kOU6oX25YX via @CC_Yale https://t.co/rfYmqNJRK1,climatechange,4,http://bit.ly/2VvYqds,ClimateSignals,negative
2020-02-27 14:39:01,6,UK‚Äôs Heathrow airport expansion ruled unlawful over climate change  By @CookePhoebe for @DeSmogUK   https://t.co/TKRSA9wmPg,,5,https://www.climatechangenews.com/2020/02/27/uks-heathrow-airport-expansion-ruled-unlawful-climate-change/,ClimateHome,negative
2020-02-27 14:39:01,0,If #PlanA is to Mitigate #ClimateChange What‚Äôs #PlanB? #Retreat #Resettlement .@AIANational .@AIACALIF   https://t.co/qjnScYfj1H https://t.co/OYojPN33wq,"PlanA, ClimateChange, PlanB, Retreat, Resettlement",2,http://bit.ly/2wLgCWx,CommEdgeCollab,negative
2020-02-27 14:39:03,1,"@tshearer54 @EllieGonsalves I'll happily engage in a debate about climate change but only if you change your handle to ""OK Boomer"" because you're really personifying that ego-driven ignorance and ultimately the sentiment behind the phrase. Hard to tell if you're real trolling or a satirical account ü§∑‚Äç‚ôÇÔ∏è",,0,,Enpyar,negative
2020-02-27 14:39:04,1,@Rightwing_Vet So if we don't believe in climate change the same way they do we are anti science? Seems like they are the anti-Science to me. Am I the only one who thinks this?,,0,,UsFortheloveof,positive
2020-02-27 14:39:04,1,@Rightwing_Vet So if we don't believe in climate change the same way they do we are anti science? Seems like they are the anti-Science to me. Am I the only one who thinks this?,,0,,UsFortheloveof,positive
2020-02-27 14:39:09,0,@JillWineBanks I don't know @JillWineBanks what could go wrong? Pence said smoking didn‚Äôt cause cancer. He doesn‚Äôt believe climate change science. And he questioned whether or not condoms worked. But he's loyal to Trump. What could go wrong?,,0,,kensymes,negative
2020-02-27 14:39:12,1,to future-proof it against climate change taking the total number of seeds in the vault to more than a million. ~ President Akufo-Addo,,1,,SurGyan35,negative
2020-02-27 14:39:13,0,July 2019 tied 2016 as the hottest month on record. Increasing extreme heat due to climate change has health consequences. Learn more about Earth's hottest decade on record: https://t.co/KoMCmQP17I @ClimateSignals https://t.co/YPGYnTSpPY,,0,http://bit.ly/2Pn0IYC,ClimateNexus,negative
2020-02-27 14:39:17,0,@ElliAdventurer @CPC_HQ C02 was 20x then but guess what the planet still here.  Climate change is inevitable as the Sun evolves and planet changes through different phases of orbit.  Pollution and air quality needs to be addressed not trying to change the earths climate.  it‚Äôs a policy narrative,,0,,MrFrankoTanko,positive
2020-02-27 14:39:26,5,A landmark decision by the UN Human Rights Committee in the last month has brought us closer to human rights protection for those displaced by climate change. Read more about it in the latest MMB blog by @nacho_odriozola:  https://t.co/OHZqlTT3Jc,,2,https://migration.blogs.bristol.ac.uk/mmb-blog/,MiMoBristol,negative
2020-02-27 14:39:26,0,@Setophaga9 @ZachsMind @TheDisproof @stevenmosher @KelvinBSP @RlalbrechtTroy @Dcoronata @IntranceIt @AanthanurDC @FriendsOScience @JAGreene18 @EdDarrell @CalifManx @aSinister @serveBC @banurfeels @robhon_ @GlennCarr6 @johnpdees @jwickers @patterson087 @No1Trump @jimdtweet @KenJansen1 @MartinBrampton @automaticsteam @EnzoEdmonton @CheezeWhiz_girl @yepsuzn @TWTThisIsNow @NoExcusesJim @StormSignalSA @RedDragonFly19 @KatyDuke @Over400ppm @ScottDa9999999 @JohnAshtone @jenninemorgan @DawnTJ90 @cowcreekgeek @jgorman2424 @Voight_Kampff_3 @rln_nelson @FNPGeorgeH @Sdarts133 @priscian @caerbannog666 @GaryWHall @JoeNels48803147 @SteveLeigh2019 I have asked you repeatedly for evidence of human CO2 emissions being the sole or major cause of climate change and you have repeatedly failed to provide it.   Science is about evidence.   Clearly you don't have any.,,0,,fcmfcs2019,positive
2020-02-27 14:39:31,3,‚ÄúIs civil disobedience that interferes with the capitalist system a viable way to drive change in climate policy? We‚Äôre watching a real time example unfold here in Canada.‚Äù  #ClimateChange  https://t.co/bccfLtS6zo,ClimateChange,0,https://medium.com/@BradZarnett/part-4-of-5-surviving-climate-change-can-democracy-save-us-f5db9361aa5d?source=friends_link&sk=cbb7eb1223c5626156b26a77b64e5b10,BradZarnett,negative
2020-02-27 14:39:31,13,To ignore climate change and the environment because restrictions on pollution hinder business and industry is absolutely absurd.,,0,,EschbachDrew,negative
2020-02-27 14:39:32,4,@KA_Nicholas This book is not so much about the reality of climate change - although of course that‚Äôs in there - as about the way to find our own power and authority the sense of our own efficacy our ability to stop an apocalypse that **is absolutely stoppable still hello.**,,0,,annasproul,negative
2020-02-27 14:39:38,0,@Alison_McGovern @leicesterliz Two things bother me: 1.  I'm not convinced that excess CO2 is the cause of climate change.  Needs more clarification. 2.  Why are we so concerned about the UK when we have our goods manufactured in the worst polluting countries in the world?,,0,,Marek_2011,positive
2020-02-27 14:39:42,2,It can be done! This morning the Court of Appeal ruled against the government and in favour of Friends of the earth on the expansion plans for Heathrow on climate change grounds.The government were judged to gave acted illegally by ignoring the Paris agreement.‚úã‚úã,,0,,ChezB18,negative
2020-02-27 14:39:45,0,"From 'Smoking Doesn't Kill' to Conversion Therapy‚ÄîMike Pence's Most Controversial Science Remarks  -Condoms are ""very poor"" protection against sexually transmitted diseases -""Only the theory of intelligent design"" is a rational explanation for the universe https://t.co/ketwSAatRe",,0,https://www.newsweek.com/mike-pence-coronavirus-science-hiv-aids-smoking-evolution-climate-change-1489458,jerrycapizzi,negative
2020-02-27 14:39:48,43,10 common myths about climate change ‚Äî and what science really says https://t.co/5D7f34lnVk https://t.co/IXj7B4CiO6,,17,https://cbsn.ws/396CObB,CBSNews,negative
2020-02-27 14:39:50,0,@DominicRaab Sorry to disappoint. Climate change as a result of C02 is an unproven theory.,,0,,Roninsonmargar1,positive
2020-02-27 14:39:50,0,@DarrenPlymouth Let em get corona pass away and then we don‚Äôt need to hear there climate change when we are actually in a global cooling period,,0,,bigmammawelsh,positive
2020-02-27 14:39:51,2,Result!!  ‚ôªÔ∏è https://t.co/3qExVjeUMh,,0,https://www.theguardian.com/environment/2020/feb/27/heathrow-third-runway-ruled-illegal-over-climate-change,grainandsustain,negative
2020-02-27 14:39:52,3,@CBSNews If only @JeffBezos would have donated 10 billion for this cause‚Ä¶but climate change üò¢üíî,,2,,lisabella68,positive
2020-02-27 14:39:52,2,From artificial intelligence 5G and reskilling to social responsibility and climate change‚Äîthe opportunities and challenges of new technology were front and center at Davos. #davos #technology https://t.co/Y596rObZOl,"davos, technology",0,https://lnkd.in/dt-_UgH,Assajie_Unit4,negative
2020-02-27 14:39:55,0,Dana Wilde: The climate change truth is out there https://t.co/16ToE7Q8ca,,0,https://www.centralmaine.com/?p=1755002,gregtmcmanus,negative
2020-02-27 14:39:55,1,When enviromental protection is over economic interest.  Heathrow third runway ruled illegal over climate change https://t.co/oHhamOK0E2,,0,https://www.theguardian.com/environment/2020/feb/27/heathrow-third-runway-ruled-illegal-over-climate-change?CMP=share_btn_tw,JDavidMoreno28,negative
2020-02-27 14:40:00,0,Schools challenged to teach climate change as students join Greta strikes  Read all here:   https://t.co/YP4vzRtf3f https://t.co/cHqUKgC3Nz,,0,http://www.transafricaradio.net/schools-challenged-to-teach-climate-change-as-students-join-greta-strikes/,TransAfrica872,negative
2020-02-27 14:40:02,0,Climate Change Coronavirus &amp; Trump All Scapegoats for the Inevitable Financial Crash https://t.co/P8d30kOSib https://t.co/dgOlXCnk6L,,0,http://dlvr.it/RQs5Jg,howiecopywriter,positive
2020-02-27 14:40:04,0,"@JanssenGlobal @AARP Thank you. I also sit as an advisor to the ""Youth for Democrats "" at our local University in Reno. Adviser does such  issues such as health Health where candidates  address climate change and in my case foreign policies regarding tourism as a specialist in travel https://t.co/U9alj9TkYf",,0,,topinsan,negative
2020-02-27 14:40:06,110,It's International #PolarBearDay! Starting at 9am CT today tune into our Facebook page for a series of live events. We'll discuss polar bear research solutions to global climate change and more! . LIVE Schedule: https://t.co/2pakrYCENf Facebook page: https://t.co/kWMzZxRqJt https://t.co/AaJ63jJNsj,PolarBearDay,34,"http://bit.ly/2V4sSv8, http://www.facebook.com/PolarBearsInternational/",PolarBears,negative
2020-02-27 14:40:09,14,A big thanks to Minister ‚Å¶@SeamusORegan‚Å© for giving the Keynote address at the CNA conference. Thanks for highlighting the role ‚Å¶@Bruce_Power‚Å© and the nuclear industry has played and will continue to play in combatting climate change. This is our nuclear advantage! https://t.co/4IrYRDKj77,,1,,PDalzell3,negative
2020-02-27 14:40:11,1,Heathrow third runway ruled illegal over climate change https://t.co/Bn0mZsWO6K,,0,https://www.theguardian.com/environment/2020/feb/27/heathrow-third-runway-ruled-illegal-over-climate-change?CMP=share_btn_tw,tooshles,negative
2020-02-27 14:40:17,1,@ChrisJC12002 @annafbeswick Funny how people think climate should be static and not change. If that were to happen (and it won‚Äôt) it would be all over the end.,,1,,103blinddog,positive
2020-02-27 14:40:20,1,The third runway at Heathrow has been ruled illegal. The court‚Äôs ruling is the first in the world to be based on the Paris agreement. https://t.co/ihqeCvQGP5,,0,https://www.theguardian.com/environment/2020/feb/27/heathrow-third-runway-ruled-illegal-over-climate-change,greenerkdy,negative
2020-02-27 14:40:21,0,Technology can as should play a major role on fighting climate change. Check below how we are using #AI to drive down energy consumption throughout the entire network infrastructure. #Ericsson #TeamEricsson https://t.co/SZe18Xz9Ph,"AI, Ericsson, TeamEricsson",0,https://t.eric.sn/2TjPntJ,LHPilli,negative
2020-02-27 14:40:26,1,It's on Kenney and the UCP and their climate change denial. https://t.co/E0hDW6LplM,,1,https://twitter.com/DianeMariePosts/status/1232601222042963968,AlbertaMondo,negative
2020-02-27 14:40:27,0,https://t.co/nbsqCqslW0,,0,https://www.theguardian.com/environment/2020/feb/27/heathrow-third-runway-ruled-illegal-over-climate-change,onelastread,negative
2020-02-27 14:40:28,0,Heathrow third runway ruled illegal over climate change https://t.co/0l6IOno5Sg,,0,https://www.theguardian.com/environment/2020/feb/27/heathrow-third-runway-ruled-illegal-over-climate-change,bethhardy,negative
2020-02-27 14:40:29,1,@Trevor_Gowan @AOC Maybe they believe climate change is a lie,,0,,Rafito85461891,negative
2020-02-27 14:40:40,4,In November last year Pau Capell took on his most ambitious project yet: running 250km through the Arctic to raise awareness of climate change and the disastrous impact it‚Äôs having on our planet.  https://t.co/WTDnNhItMX,,1,https://www.sidetracked.com/fieldjournal/run-for-the-arctic/#.XlfU2DXapOU.twitter,SidetrackedMag,negative
2020-02-27 14:40:44,0,@NickPonticello Climate change,,0,,survivo84791753,negative
2020-02-27 14:40:47,0,@Tonster071 @Matthias_aus_B @AnnaV007 @GretaThunberg @bristolYS4C Climate change science is pseudoscience https://t.co/SI2xmRMsI0,,0,,hertsgaard_mark,positive
2020-02-27 14:41:06,5,@sunrisemvmt Impressive you've managed to blame climate change for the virus while telling people that communism is the answer.  Surprised it took this long to see this.,,2,,CoryDoggett8,positive
2020-02-27 14:41:09,0,BoE's Carney urges City of London to step up ahead of climate summit https://t.co/fUYgx9qHxO,,0,https://reut.rs/2PuvgI3,te55ssa,negative
2020-02-27 14:41:12,0,@kraster @ericridenour @mans_tw @8bitBarbarian @DaveCashInvest @RichardEngel @hmeisler Your logic is flawed.I‚Äôm not sure your background but you really need some life lessons if you want to sound credible at all  Ya know climate change has been going on since this planet was formed right?  If you want to live somewhere where the climate doesn‚Äôt change try the moon.,,0,,literide,positive
2020-02-27 14:41:14,0,"@Jonathan_MBanks They could start by telling us how they define ""objective truth"". Indeed much of academia is about debating what the truth is. Certainly the ones who dismiss climate change don't accept scientific evidence as objective truth and that doesn't leave much else.",,0,,alansherwell,negative
2020-02-27 14:41:17,3,I adore how passionate my eight-year-old is regarding climate change but this weather forecast for the march tomorrow is really making me wish she could just be passionate about Five like I was at her age. https://t.co/eTYbUQXSxi,,0,,CigaretteCalpol,negative
2020-02-27 14:41:18,4,@ExtinctionR @TimesLaw The lawyers are doing good stuff too: @ChanceryProject has produced model contracts &amp; laws to help lawyers &amp; their clients fight climate change; @legalsustain working to help firms cut carbon footprint; helping @ClientEarth with climate change litigation https://t.co/FmXTp7ZPOj,,4,https://www.thetimes.co.uk/edition/law/extinction-rebellion-takes-on-pinstripe-mafia-law-firms-over-climate-change-jk96jq6v2,legalhackette,negative
2020-02-27 14:41:20,0,@waikikigigi @hilarygroos @acoyne And you‚Äôre against climate-change action so there‚Äôs that....,,0,,kate_holt,negative
2020-02-27 14:41:21,0,@wallaseydays This was when it was known as bad weather .... not the global warming/climate change that we now have to contend with üòù,,0,,simon_forshaw1,positive
2020-02-27 14:41:25,0,Dr Philippe Blondel @UniofBathSci will share his research on underwater acoustics and studies of marine environments with artist @GraceSchwindt whose work explores impending climate change and binaries of life and death.  FREE. 5 Mar 5.30-6.30pm Book üëâüèª https://t.co/g2Y31wjiWN https://t.co/jfsupPOzWX,,0,https://www.eventbrite.co.uk/e/roundtable-discussion-mariner-tickets-96444250349?ref=eios,EdgeArtsBath,negative
2020-02-27 14:41:27,2,@priscian @jgorman2424 @Michael63456499 @fcmfcs2019 @Setophaga9 @KelvinBSP @TheDisproof @stevenmosher @Dcoronata @IntranceIt @AanthanurDC @FriendsOScience @JAGreene18 @EdDarrell @CalifManx @aSinister @serveBC @banurfeels @robhon_ @GlennCarr6 @johnpdees @jwickers @patterson087 @No1Trump @jimdtweet @KenJansen1 @MartinBrampton @automaticsteam @EnzoEdmonton @CheezeWhiz_girl @yepsuzn @TWTThisIsNow @NoExcusesJim @StormSignalSA @RedDragonFly19 @KatyDuke @Over400ppm @ScottDa9999999 @JohnAshtone @jenninemorgan @DawnTJ90 @cowcreekgeek @Voight_Kampff_3 @rln_nelson @FNPGeorgeH @Sdarts133 @caerbannog666 @GaryWHall @JoeNels48803147 @SteveLeigh2019 Great post. This may serve for the majority less versed: Numerous citations within all discussion how we‚Äôve overcome the problem of record keeping in different forms.  Now you‚Äôll need to argue Non Monotonic Logics and physics- let‚Äôs go!!!!  https://t.co/aeVtGbPcLS,,0,https://www.theatlantic.com/science/archive/2015/12/what-old-weather-reports-dont-reveal-about-climate-change/419850/,RlalbrechtTroy,negative
2020-02-27 14:41:32,0,"@Lozjoz85 @empathiser @ryansharpnz @GeorgeMonbiot @GretaThunberg Hey Bro The Obfuscation is the use of ""climate change"" as an environmental issue that should take precedence in Human efforts to rectify the environmental issues. As far as CC goes IT WILL NOT KILL HUMANITY. It will cause us to live different. I prepared a handout that explains https://t.co/oYmPJHwX3A",,0,,BigSude,positive
2020-02-27 14:41:33,0,In Antarctica the Sinister Stirrings of Climate Change - The Wire: In Antarctica the Sinister Stirrings of Climate Change¬†¬†The Wire https://t.co/W1bnacIZWY https://t.co/EqDvzEVaHg,,0,http://dlvr.it/RQs5cz,EllyShobeiri,negative
2020-02-27 14:41:33,0,Saudi Arabia: Combating climate change or derailing protective climate policies? | Underreported https://t.co/XsLmj7C61V https://t.co/XqTFPgtPpE,,0,https://urmedium.com/c/presstv/8563?utm_source=dlvr.it&utm_medium=twitter,Urmediumcom,negative
2020-02-27 14:41:36,0,Via @voxdotcom: Carbon offsets explained in 500 words https://t.co/p9EF0TmX6T https://t.co/e9V5XExepj,,0,http://dlvr.it/RQs5jC,crewislife,negative
2020-02-27 14:41:39,0,"#Canpoli  Compare this Courts Climate story from UK with how the law is being used by Canada  ""Heathrow third runway ruled illegal over climate change"" https://t.co/WeOHlELQnu",Canpoli,0,https://www.theguardian.com/environment/2020/feb/27/heathrow-third-runway-ruled-illegal-over-climate-change,kevinrns,negative
2020-02-27 14:41:46,3,60% of young voters believe climate change is a threat to their communityüî•  60% believe they will have a better impact on the world than their parent's generationüåé  Only 40% have access to quality affordable health careüè©  https://t.co/N9Fa6Z0Sh6,,0,http://www.startribune.com/majority-of-young-voters-in-minnesota-plan-to-vote/568111062/,ViltChamberlain,negative
2020-02-27 14:41:48,2,Fredrick Douglass isn‚Äôt alive and you didn‚Äôt just meet with him the other day just b/c it‚Äôs snowing doesn‚Äôt mean that there isn‚Äôt climate change the stock market is not the economy.,,0,,CHawksRun,negative
2020-02-27 14:41:53,0,@teririch Can‚Äôt wait for them to start a forest fire and the eco warriors blame it on climate change,,0,,dshaydon1,positive
2020-02-27 14:41:57,0,How should parents address this social phenomenon? https://t.co/RKDLcaelpJ,,0,https://buff.ly/2T3BTDh,PsychBytes,negative
2020-02-27 14:42:01,2,"Regardless of the economic backdrop the next generation of workers will demand more of their companies. Investment in climate change and social good is not just a bull market phenomenon."" ‚Äì Nasdaq CEO Adena Friedman https://t.co/gBDp0Zg04D https://t.co/gIwAQkfjh6",,0,http://bit.ly/3bE2w99,ConsciousCapAZ,negative
2020-02-27 14:42:02,0,Heathrow third runway blocked over climate change. Are we finally taking this seriously?  https://t.co/RIGKP6IYK4,,0,https://www.theguardian.com/environment/2020/feb/27/heathrow-third-runway-ruled-illegal-over-climate-change,reedmaniac,negative
2020-02-27 14:42:02,1,@AOC IF you understood actual science you would realize that the Liberal version of Climate Change is nothing more than a power grab based on manipulated and fabricated data.  And I'm STILL waiting on that Tanqueray and Tonic!,,2,,DerekSmalls18,positive
2020-02-27 14:42:03,0,@nytimes Trump Imperils the Planet https://t.co/DUxGqWXEdR Trump is only the tip of the iceberg of the human drama https://t.co/7vAAvUsO7I,,0,"https://nyti.ms/2Rlszus, https://rpujolviven.blogspot.com/2018/12/the-human-stupidity.html",rpujolvives,negative
2020-02-27 14:42:04,1,@CMerkEm @Morning_Joe Imo a leading democratic state should go first and one that represent a typical state racially-that would be MA. It has presidential candidates is progressive most highly educated and it has urban areas all over the state a few rural areas climate change issues matter there,,0,,MyManMyMelo,negative
2020-02-27 14:42:04,1,"""[Judge] said the government ...did NOT seek permission to appeal to the supreme court"" https://t.co/SnW64u7FH8  Mit @Die_Gruenen an Laschets Kanzler-Rockzipfel - oder umgekehrt - w√ºrde die Bundesregierung sofort in Berufung gehen! Gr√ºne wollen 2.5ÀöC; Laschet will 4Àö wie Merkel.",,0,https://www.theguardian.com/environment/2020/feb/27/heathrow-third-runway-ruled-illegal-over-climate-change,anlomedad,negative
2020-02-27 14:42:11,0,@leighms18 @HillaryClinton @GretaThunberg @Malala @AOC Why are we talking about Jussie Smollett? Remember when you were losing your mind about climate change a second ago?  You know how I can spot the crazies? When they reference Soros.,,0,,Blingstonhughes,positive
2020-02-27 14:42:11,0,@France24_en I though we were facing yet life extinction on Earth with the climate change ü•∫,,0,,rguezcheca,negative
2020-02-27 14:42:12,0,@Unit_00001 @RedMountainSha1 @DineshDSouza Every citizen has the same rights as another. There are those that want the climate to change to make the weather warmer.,,0,,ZeinerDaine,negative
2020-02-27 14:42:13,2,‚ÄúWar is wrong; it‚Äôs just profitable.‚Äù - Gen Z Is Worried About More Than Just Climate Change  https://t.co/ntsLWjIQqg,,4,https://inkstickmedia.com/gen-z-is-worried-about-more-than-just-climate-change/,TrisInToledo,negative
2020-02-27 14:42:15,0,@ChrisDesett I want a president that takes care of owls and all other precious &amp; beautiful human &amp; animal souls on Earth! If that is Pete he has my vote! # 1 priority for me is protect our Public Lands and Restore our Endangered Species Act! CLIMATE CHANGE IS REAL!,,0,,WeWantClean,negative
2020-02-27 14:42:16,0,People who say ‚ÄúPence doesn‚Äôt believe in science and shouldn‚Äôt lead the #CoronavirusOutbreak task force‚Äù are confused. They believe in science for their agenda with man made climate change but a baby‚Äôs heartbeat in the womb means nothing. #pencedemic,"CoronavirusOutbreak, pencedemic",0,,John_Demp83,positive
2020-02-27 14:42:19,1,@mwoodwa21033341 @CornWhisky @KTHopkins The whole comment you obviously don't understand anything about man made climate change.,,0,,FozzTheMozz,negative
2020-02-27 14:42:19,12,Here‚Äôs me pontificating about poverty and climate change for the latest Scottish Anti Poverty Review. Probably best that they didn‚Äôt go with my title suggestion of ‚ÄòWhy tackling climate change means eating the rich‚Äô https://t.co/lT9oefueL9,,1,https://twitter.com/PovertyAlliance/status/1232276333453025281,FrancisStuart1,negative
2020-02-27 14:42:23,0,In other words the climate change cult demanded she had to go and they bent the knee to the rage mob. https://t.co/79RgCO80ft,,0,https://twitter.com/gizmodo/status/1232449868896952320,JoeC1776,positive
2020-02-27 14:42:26,1,The World's Best Natural Defense Against Climate Change May Soon Make Things Worse https://t.co/afXXSZXo79,,0,https://www.knowablemagazine.org/article/physical-world/2020/southern-ocean-carbon-sink#.XlfVT35CkaM.twitter,janamonji,negative
2020-02-27 14:42:28,1,@tveitdal lol   climate change is the cash machine.,,0,,KidukSong,positive
2020-02-27 14:42:33,13,The UK government's plans for a third runway at #Heathrow airport have been ruled unlawful by the Court of Appeal.   It found the government did not adequately take into account its climate change commitments.   https://t.co/PRVQb3FE6g,Heathrow,5,https://www.theguardian.com/environment/2020/feb/27/heathrow-third-runway-ruled-illegal-over-climate-change,EachOtherUk,negative
2020-02-27 14:42:35,0,They negotiated the Paris Agreement‚Äînow they‚Äôre focused on businesses stepping up https://t.co/RDtK80NnV3,,0,https://fortune.com/2020/02/25/paris-agreement-book-climate-change/,Nancycfields1,negative
2020-02-27 14:42:38,37,The U.K. desperately needs a planning system focused on high quality design and placemaking.  We're calling for the government's upcoming White Paper on Planning to prioritise climate people and purpose.  Read our Chief Exec @FionaEHowie's blog üëá  https://t.co/0RE3yu0Loj,,21,https://www.tcpa.org.uk/blog/blog-the-planning-white-paper-an-opportunity-for-real-change-fiona-howie,theTCPA,negative
2020-02-27 14:42:38,0,A humble reminder that the international community is failing Venezuelan refugees. This sets a horrific precedent for refugees from the pending climate change crisis. https://t.co/d4HIRaci6v,,0,https://twitter.com/vicenews/status/1233034787490803713,TheIdiotGuru,negative
2020-02-27 14:42:40,2,She is a 12 year old indigenous woman from Chile who was speaking on a panel about youth leadership in the movement to halt Climate Change and about government harassment of activists.   ‚ÄúWe are Creation defending itself.‚Äù  2/6,,0,,sav_sull,negative
2020-02-27 14:42:41,2,This makes me want to cry the good tears and will have me out with XR France again next week! https://t.co/J8gz2eQC4D,,0,https://www.theguardian.com/environment/2020/feb/27/heathrow-third-runway-ruled-illegal-over-climate-change?CMP=share_btn_tw,AudreyFilm,negative
2020-02-27 14:42:43,33,Climate change: Pressure on big investors to act on environment Ever wondered if your bank or insurance company is funding the coal industry? Or whether your pension fund is backing oil companies drilling new wells in the Arctic? https://t.co/nmEfc7foEl,,24,https://www.bbc.co.uk/news/science-environment-51657829,tveitdal,negative
2020-02-27 14:42:46,2,Que @ewarren   Every time she‚Äôs asked about climate change she always says her plans start with climate justice...and how racist policies include dumping toxic waste into Black and Brown neighborhoods.   @BernieSanders you have a problem. https://t.co/eplOTFrKTx,,1,https://twitter.com/aynrandpaulryan/status/1233022231640305670,Bulmanghani,negative
2020-02-27 14:42:48,7,I ‚ù§Ô∏è that @PeteButtigieg is committed to addressing climate change. But recognizing the crisis in Puerto Rico is even more critical. Thank you #PeteButtigieg for putting Puerto Rico üáµüá∑ in the spotlight. #PuertoRico #PeteForPresident #PeteForAmerica #PeteForPuertoRico https://t.co/qW8nUkdDFR,"PeteButtigieg, PuertoRico, PeteForPresident, PeteForAmerica, PeteForPuertoRico",5,https://twitter.com/PeteButtigieg/status/1232852910859603968,SEMichButtigieg,negative
2020-02-27 14:42:49,0,Climate change: how do I cope with inevitable decline? https://t.co/r9XBMSLYEp via @ConversationUK,,0,https://theconversation.com/climate-change-how-do-i-cope-with-inevitable-decline-128593?utm_source=twitter&utm_medium=footertwitterbutton,Labcold,negative
2020-02-27 14:42:54,0,‚ÄúThe court‚Äôs ruling is the first in the world to be based on the Paris agreement and may have an impact both in the UK and around the globe by inspiring challenges against other high carbon projects.‚Äù https://t.co/yDJlRPlZ9h,,0,https://gu.com/p/dbmtb/stw,jackstovin,negative
2020-02-27 14:42:56,0,#NationalToastDay is every day when I converse with a lefty/liberal remoaner and/or climate change fool.,NationalToastDay,0,,sinkaspud,positive
2020-02-27 14:42:58,2,Finally something is happening :) https://t.co/5U39X2ep1l,,1,https://www.theguardian.com/environment/2020/feb/27/heathrow-third-runway-ruled-illegal-over-climate-change?CMP=fb_gu&utm_medium=Social&utm_source=Facebook&fbclid=IwAR2onf1f3TtzNaq1wlQdiW4ViEeO4eTefCpcoQpYN7vcLhNOROJGC7lK8_U#Echobox=1582798527,BoeskenJanina,negative
2020-02-27 14:42:58,1,Congratulations on your post as editor of @BACP 's Therapy Today @SallyBTherapy . You're a perfect fit! Look forward to reading next month's issue (this month's is pretty good too mind especially the much needed feature on climate change - it's a huge topic in the therapy room),,0,,HBtherapist,negative
2020-02-27 14:42:58,2,Climate change is a pro-life issue that affects all of us.,,0,,brlilithbear,negative
2020-02-27 14:42:59,1,With #StormJorge incoming many folk in the U.K. already devastated by flooding and other effects of #Dennis #Ciara are asking why this is happening.  Here‚Äôs why - #climatechange. And it‚Äôs going to get worse.  https://t.co/Xqb4WPgd6N https://t.co/COVdscAT22,"StormJorge, Dennis, Ciara, climatechange",0,"https://www.carbonbrief.org/mapped-how-climate-change-affects-extreme-weather-around-the-world, https://twitter.com/bbcweather/status/1232987471861907456",scowlingmonkey,negative
2020-02-27 14:43:06,0,The Heartland institute has lobbied on behalf of the tobacco and coal industries but recently concentrated its efforts on challenging the scientific consensus on climate change. Issues with devastating effects on humans.  This poor child.  https://t.co/YZIGvWI7Po,,0,https://www.theguardian.com/us-news/2020/feb/25/anti-greta-teen-activist-cpac-conference-climate-sceptic,mrgdpc,negative
2020-02-27 14:43:12,3,@accountable_gov @GravelInstitute @jargonautilus Screwing over the candidate who is most willing to combat climate change and alienating the majority of your voting base is also a great way to doom our planet and condemn thousands more refugees to early graves.,,1,,jrphoenix77,negative
2020-02-27 14:43:14,0,@GlobalNational So does that mean climate change needs a passport if it wants to cross into the U.S.?,,1,,darrengregory65,negative
2020-02-27 14:43:14,0,@RichardBurgon @JuliaHB1 What climate change??????,,0,,020447Richard,positive
2020-02-27 14:43:14,0,Imagine not being allowed to build a Heathrow runway because you stupidly aligned yourself with a trendy invisible COSMIC HORROR straight out of a Lovecraft book known as CLIMATE CHANGE (or global warming or cooling).  Except this time its not Cthulhu who's the great dreamer.,,0,,neopolmonk,positive
2020-02-27 14:43:17,0,This is a LIE. He has never said he doesn‚Äôt believe in science. If you‚Äôre talking about climate change HOAX- that isn‚Äôt science. It‚Äôs guessing with a lot of money thrown at them to guess the way the donors want. In other words- A SCAM. And you‚Äôre a fraud. https://t.co/ienZRyCSoo,,0,https://twitter.com/aoc/status/1232839556443058176,HvlyMeditative,positive
2020-02-27 14:43:17,9,"""Climate change is heavily affecting our livelihoods in Somalia"" Says Ahmed a father of 4 and a beneficiary of our #STREP proj. in Somalia. Read Ahmed's full story here: https://t.co/nF7rOMgGT1 @ahmedvision1 @igadsecretariat @AfDB_Group @JMwanjisi @MohamudSinbuthe @laura_jepson https://t.co/nnABYXLu8e",STREP,9,https://somalia.savethechildren.net/news/climate-crisis-heavily-impacting-livelihoods-somalia,SC_Somalia,negative
2020-02-27 14:43:24,1,@ChrisJC12002 @SmartBusSol @TutorCambodia Perhaps because if you equate climate change with the 'ravings of a loon' you have no idea what education is anyway beyond being spoon-fed pap.,,0,,ChristinaWinds,negative
2020-02-27 14:43:28,0,Heathrow third runway ruled illegal over climate change  https://t.co/iEtdSaiFYv,,0,https://www.theguardian.com/environment/2020/feb/27/heathrow-third-runway-ruled-illegal-over-climate-change?CMP=Share_AndroidApp_Tweet,KirchnerArctic,negative
2020-02-27 14:43:28,1,@ShahidDev That's climate change for you right there. Heard Britain is full of hot air right now üòÇ,,0,,th_p,negative
2020-02-27 14:43:32,1,On @TCHRadio this week we look at resilience and adaptation in the face of climate change with our friends from CAVU - Climate Action Vocas Unidas. Live on @KUNMnews Saturdays 9-10am or streaming from https://t.co/Lr7S339GNo https://t.co/o4HSTm7T56 https://t.co/dSYg1azai6,,1,"http://childrenshour.org, https://twitter.com/tchradio/status/1233027126137434118",katiestone,negative
2020-02-27 14:43:36,14,An open question to those lobbying against CO2 reduction in our industry.  Do you fully understand climate tipping points?  .@Panama_UN .@SaudiEmbassyUK .@BrazilEmbassyUK  https://t.co/f9W90j9gab,,4,https://www.carbonbrief.org/explainer-nine-tipping-points-that-could-be-triggered-by-climate-change,IMOclimate,negative
2020-02-27 14:43:38,0,@HitchingRoger @AOC 1/x Don‚Äôt get me wrong I dislike nearly everything she advocates. But here is my point...if climate change was as urgent as she said she would not convolute it with other crap. She would keep it narrowly focused to get as much support as possible.,,0,,apgretriever,positive